Feature,RandomForest_Importance,F_Score,Mutual_Info,Variance,Target_Correlation
T1_feature_1,0.00816384013851411,0.06635287880602043,0.027333164026199785,1.0050251256281406,0.01830309494909279
T1_feature_2,0.009275357125964513,0.023159812209255063,0.0,1.0050251256281406,0.010814576665020292
T1_feature_3,0.009692373190012114,0.006804099413778802,0.007539464154519893,1.0050251256281406,0.005861992630496525
T1_feature_4,0.009397968947704496,0.006057762766166829,0.0,1.0050251256281404,0.00553116854150155
T1_feature_5,0.005462553176538938,0.37359595681823876,0.0,1.0050251256281406,0.04339694430805304
T1_feature_6,0.007501566165795404,0.13555967620429688,0.0,1.005025125628141,0.02615676607442475
T1_feature_7,0.00941862469983941,0.007582123006789716,0.020265081674254892,1.0050251256281406,0.006188059808977318
T1_feature_8,0.01067475771479664,0.43347510227288283,0.0,1.0050251256281406,0.04673848273196943
T1_feature_9,0.008051097593323593,0.3667802394107809,0.0,1.0050251256281408,0.0430000036781822
T1_feature_10,0.00514429185622145,0.22929847754994143,0.0,1.005025125628141,0.03401078559698687
T1_feature_11,0.007599235726849012,0.34988548250047996,0.0,1.0050251256281406,0.041999776999372226
T1_feature_12,0.00816027628719166,0.2722251871458944,0.06456796343301896,1.0050251256281406,0.0370538391734607
T1_feature_13,0.006749685032333571,0.06653444480355133,0.04114132063137643,1.0050251256281406,0.018328111456718307
T1_feature_14,0.004600805547859366,0.18827162631127786,0.02396434074851439,1.0050251256281406,0.030821478075989697
T1_feature_15,0.006840545414525254,0.0005501269369189458,0.0,1.0050251256281406,0.0016668566686245108
T1_feature_16,0.003597314473235753,0.000908700555703315,0.0,1.0050251256281406,0.002142282820616951
T1_feature_17,0.007173290517288581,0.195578667519554,0.0,1.0050251256281404,0.03141331436260832
T1_feature_18,0.0036969084352471847,0.17720582561293183,6.790793296373998e-05,1.005025125628141,0.029902820037589026
T1_feature_19,0.006325805498646701,0.08181162158287901,0.0,1.0050251256281406,0.020322877565068512
T1_feature_20,0.010437143989149562,0.03674704930750562,0.0,1.0050251256281406,0.013621920585294659
T2_feature_1,0.007739082023224351,0.19677323087165463,0.003481206415265392,1.0050251256281406,0.03150900712643766
T2_feature_2,0.0054694345069433515,0.11306619445065229,0.0,1.005025125628141,0.023889652235923656
T2_feature_3,0.008269414570448856,0.9030746432066228,0.013109990850046493,1.0050251256281406,0.06738156223714407
T2_feature_4,0.0076892345154267495,0.5233179258446763,0.0,1.0050251256281406,0.05134250371746303
T2_feature_5,0.010677060819870741,0.1078607978276717,0.0366750507901068,1.0050251256281406,0.023333557627334446
T2_feature_6,0.009737412192995754,0.20867316434363137,0.02157215164676618,1.0050251256281406,0.032446807613423834
T2_feature_7,0.010270245137200736,0.610147948812379,0.0,1.0050251256281406,0.05542642408169355
T2_feature_8,0.005928336904421818,0.1307239587836966,0.0,1.0050251256281406,0.025686307802943828
T2_feature_9,0.009680678808538186,0.0038064565236863883,0.07625746633208097,1.0050251256281404,0.00438453627217726
T2_feature_10,0.008743079347582708,0.04434805995449804,0.0,1.0050251256281406,0.014964288988410412
T2_feature_11,0.005266817351381055,0.008500916341651406,0.0,1.0050251256281406,0.00655225744877317
T2_feature_12,0.009528441715923437,1.096734715776792,0.02485205230166687,1.0050251256281406,0.07421962003280377
T2_feature_13,0.010037257079463988,1.1417425496829723,0.029471960687055265,1.0050251256281406,0.07571866384524284
T2_feature_14,0.006885082941524084,0.9621856180051737,0.0,1.0050251256281408,0.06954151679998036
T2_feature_15,0.008041144332279338,1.3712240540065266,0.006761922251977914,1.0050251256281406,0.0829321594259371
T2_feature_16,0.011698010447507979,0.9224472550303088,0.0,1.0050251256281406,0.06809714034871886
T2_feature_17,0.011284021799410888,1.0706501964508688,0.0,1.005025125628141,0.07333650062890155
T2_feature_18,0.01151083734482116,1.4987537819444539,0.025792877923413338,1.0050251256281406,0.08667523991561724
T2_feature_19,0.007378731132830152,0.048040043248773576,0.008583454886010422,1.0050251256281406,0.015574582746400613
T2_feature_20,0.010032283289188294,0.3049237377051385,0.0,1.0050251256281406,0.039212891578388365
FLAIR_feature_1,0.004706458455183748,0.04416206867134864,0.0,1.0050251256281408,0.014932883672687748
FLAIR_feature_2,0.00991410837440327,0.014554802385757843,0.028152739767795643,1.0050251256281406,0.008573429871838855
FLAIR_feature_3,0.004869667406583182,0.10488005492300208,0.00783809607815189,1.0050251256281408,0.023009059443089612
FLAIR_feature_4,0.007312346769240207,0.165077962230617,0.009114826292381917,1.0050251256281408,0.028862303445276797
FLAIR_feature_5,0.006553989518925231,2.6877063915342183,0.0,1.0050251256281406,0.11572588942022595
FLAIR_feature_6,0.01292467521194379,1.914377605258147,0.0,1.0050251256281404,0.09785697533263268
FLAIR_feature_7,0.01747405944123511,3.0594166358288373,0.0,1.0050251256281406,0.12335509806139762
FLAIR_feature_8,0.009022201468787306,2.9193756714986745,0.0,1.0050251256281408,0.12054080355937875
FLAIR_feature_9,0.011843032348732461,4.867172013450475,0.0,1.0050251256281406,0.15489323847859818
FLAIR_feature_10,0.00889340294964061,3.4387100385757803,0.0,1.0050251256281406,0.1306550836727181
FLAIR_feature_11,0.007345605584331648,2.075691052932472,0.02572740867044443,1.0050251256281406,0.10185543171355876
FLAIR_feature_12,0.01057008237954698,0.15429082922104917,0.02938391678651131,1.0050251256281404,0.027904119046382046
FLAIR_feature_13,0.0114694817317441,0.6756664019032569,0.0,1.0050251256281406,0.05831681848170333
FLAIR_feature_14,0.011342111977255676,0.024482864736701637,0.0,1.0050251256281408,0.011119152142390063
FLAIR_feature_15,0.007435765572717626,0.00963571099048851,0.023024726849341315,1.0050251256281408,0.0069758754888216735
FLAIR_feature_16,0.007271986135865788,0.00496741222991107,0.0014552844453401548,1.0050251256281408,0.005008723506656679
FLAIR_feature_17,0.007305710903499927,0.3044222228431263,0.023723321963377675,1.0050251256281406,0.03918068069421707
FLAIR_feature_18,0.007120164881802666,0.8215334425598704,0.0,1.0050251256281406,0.06428074685957523
FLAIR_feature_19,0.008562336414036727,0.9935199477517087,0.0,1.0050251256281406,0.07065921829462239
FLAIR_feature_20,0.011117490624408644,0.48854504154223244,0.04768230048485589,1.0050251256281406,0.04961175390565958
DWI_feature_1,0.0130517167887112,9.490573520847605,0.0130628227403784,1.0050251256281406,0.21386860830662902
DWI_feature_2,0.023469738996595536,11.339216880737817,0.0461961477487034,1.0050251256281406,0.23273742950098572
DWI_feature_3,0.014986688917310658,12.275160465438844,0.0,1.0050251256281406,0.24161261317911278
DWI_feature_4,0.0149496690092234,13.122500877139174,0.04088607048506576,1.0050251256281406,0.2493107724864455
DWI_feature_5,0.009743224343210321,5.214953092259931,0.010829271569327226,1.0050251256281406,0.16019441562833786
DWI_feature_6,0.010961610012369132,4.564624510449778,0.0,1.0050251256281406,0.15011383748029541
DWI_feature_7,0.010206614753849314,2.2589236921467366,0.011861661264255696,1.0050251256281406,0.1062074156774834
DWI_feature_8,0.009506344479228991,1.9201945411461374,0.0,1.0050251256281406,0.09800410851181501
DWI_feature_9,0.01057922346869259,2.8544653160690783,0.04267126291131862,1.0050251256281408,0.11921245715714048
DWI_feature_10,0.008669921943263197,0.20366647221235817,0.0,1.0050251256281408,0.03205560134564023
DWI_feature_11,0.006025546568554602,0.1252509677726812,0.0,1.0050251256281408,0.02514320464889262
DWI_feature_12,0.006811378108620786,0.44371895693510377,0.0,1.0050251256281408,0.04728629780110976
DWI_feature_13,0.005834792898592699,1.1839229719357467,0.0,1.0050251256281406,0.07709648585296212
DWI_feature_14,0.0040473682364407645,0.45695305713584283,0.0,1.0050251256281406,0.047984683429833475
DWI_feature_15,0.00818386406656326,0.05527483895179981,0.03411099678855267,1.0050251256281406,0.016705925340088048
DWI_feature_16,0.010004459460897208,0.05251873317014206,0.035192658182713776,1.0050251256281406,0.016284219056207597
DWI_feature_17,0.006910237856784509,0.2784484763157999,0.0,1.0050251256281406,0.03747439817124015
DWI_feature_18,0.007543212844328427,0.14507562069815247,0.007449963377519131,1.0050251256281406,0.02705861584166351
DWI_feature_19,0.013336690015950767,0.40604305808443303,0.06947873117834558,1.0050251256281408,0.04523854174627698
DWI_feature_20,0.01035727600303799,0.013829522922622236,0.0,1.0050251256281406,0.008357104596285315
ADC_feature_1,0.010091779989819059,0.30161658546762404,0.01577285576291132,1.0050251256281406,0.038999988792073406
ADC_feature_2,0.010594014079682874,0.2002649833493515,0.0,1.0050251256281406,0.03178706236874082
ADC_feature_3,0.005626437497308738,0.03055779883326165,0.0,1.005025125628141,0.012422097349116291
ADC_feature_4,0.00929169935179326,0.18665269541490762,0.029719733231847734,1.0050251256281406,0.030688801747156432
ADC_feature_5,0.007940596595954665,0.21754224252751758,0.0,1.0050251256281404,0.03312842256560213
ADC_feature_6,0.006204021607444786,0.2010872451643774,0.0,1.0050251256281406,0.03185218620961527
ADC_feature_7,0.007850980296824964,0.6434940683960165,0.06613237469143374,1.005025125628141,0.056916095729612655
ADC_feature_8,0.015033791706719812,0.2154187040337098,0.04531861555867156,1.0050251256281406,0.03296651108800902
ADC_feature_9,0.01878627158375057,0.4438830297093804,0.03703665469935147,1.0050251256281406,0.047295019905448994
ADC_feature_10,0.00783845644518369,0.4548017948010651,0.0,1.0050251256281406,0.047871857510781296
ADC_feature_11,0.005957019204956753,0.025347891613041056,0.0,1.0050251256281406,0.011313852910357344
ADC_feature_12,0.007316047695358111,0.11571304897591242,0.0,1.0050251256281406,0.024167498907970947
ADC_feature_13,0.008568102423921333,0.002688560772444273,0.0,1.0050251256281408,0.0036848887885827923
ADC_feature_14,0.008369866580738511,0.010846236448917643,0.06178792892504359,1.0050251256281404,0.007401079069489096
ADC_feature_15,0.007801005292032163,0.035396917962846476,0.04254866328871909,1.0050251256281406,0.013369381403649693
ADC_feature_16,0.01002485127032421,0.23690313369755456,0.029144553509609317,1.0050251256281406,0.03456950416899899
ADC_feature_17,0.008828464666130987,0.14833545352399344,0.0,1.0050251256281406,0.0273607039972451
ADC_feature_18,0.005680494815768394,0.01078023056411913,0.020217568729683277,1.0050251256281408,0.007378525919636568
ADC_feature_19,0.007535353614397576,0.6636157701487726,0.013918598908654767,1.0050251256281406,0.05779618615762415
ADC_feature_20,0.014678136475634478,0.1880494587794481,0.0,1.0050251256281406,0.03080330472705662
cross_modality_feature_1,0.010817095010774738,2.344416697484593,0.018354121719177607,1.0050251256281406,0.10817546756971706
cross_modality_feature_2,0.016053898038922442,5.510089377788404,0.0,1.005025125628141,0.16454562864970126
cross_modality_feature_3,0.008475268297294303,0.9776211368333579,0.0,1.0050251256281406,0.07009437604757279
cross_modality_feature_4,0.006549739132680158,0.396454504715705,0.0,1.0050251256281406,0.0447022852068592
cross_modality_feature_5,0.012346901873301473,4.438768462964306,0.0,1.0050251256281406,0.14807590737236423
cross_modality_feature_6,0.010731113634045678,2.3938444478574907,0.0,1.0050251256281406,0.10929637919038898
cross_modality_feature_7,0.014960447200560549,5.324885382105728,0.0,1.0050251256281406,0.16183030921278602
cross_modality_feature_8,0.0037379709406208787,1.1692202591530334,0.0035879691625835264,1.0050251256281406,0.07661910142303589
cross_modality_feature_9,0.01028384336065298,0.3160420299275109,0.042771967762023744,1.0050251256281406,0.03992027259271931
cross_modality_feature_10,0.009962026603270861,0.4867949162543114,0.041299676164731736,1.0050251256281406,0.04952302988806082
